# Last updated from batch 96 (v0.1.90) — 2026-09-15,,,,
Keyword,Kind,Platform,Status,Impl
#ALIGN METASTATEMENT,STATEMENT,PB/Win + PB/CC,Established,IMPLEMENTED
#BLOAT METASTATEMENT,STATEMENT,PB/Win + PB/CC,Established,IMPLEMENTED
#BREAK METASTATEMENT,STATEMENT,PB/CC only,Established,IMPLEMENTED
#COM METASTATEMENT,STATEMENT,PB/Win + PB/CC,Established,IMPLEMENTED
#COMPILE METASTATEMENT,STATEMENT,PB/Win only,Established,IMPLEMENTED
#COMPILER METASTATEMENT,STATEMENT,PB/Win + PB/CC,Established,IMPLEMENTED
#CONSOLE METASTATEMENT,STATEMENT,PB/CC only,Established,IMPLEMENTED
#DEBUG BOUNDS METASTATEMENT,STATEMENT,PB/Win + PB/CC,Proposed New,IMPLEMENTED
#DEBUG CODE METASTATEMENT,STATEMENT,PB/Win + PB/CC,Established,IMPLEMENTED
#DEBUG DISPLAY METASTATEMENT,STATEMENT,PB/Win + PB/CC,Proposed Improvement,IMPLEMENTED
#DEBUG ERROR METASTATEMENT,STATEMENT,PB/Win + PB/CC,Proposed Improvement,IMPLEMENTED
#DEBUG NUMERIC METASTATEMENT,STATEMENT,PB/Win + PB/CC,Proposed New,IMPLEMENTED
#DEBUG PRINT METASTATEMENT,STATEMENT,PB/Win + PB/CC,Established,IMPLEMENTED
#DIM METASTATEMENT,STATEMENT,PB/Win + PB/CC,Established,IMPLEMENTED
#EXPORT METASTATEMENT,STATEMENT,PB/Win + PB/CC,Established,IMPLEMENTED
#IF/#ELSEIF/#ELSE/#ENDIF METASTATEMENT,STATEMENT,PB/Win + PB/CC,Established,IMPLEMENTED
#INCLUDE METASTATEMENT,STATEMENT,PB/Win + PB/CC,Established,IMPLEMENTED
#LINK METASTATEMENT,STATEMENT,PB/Win + PB/CC,Established,IMPLEMENTED
#MESSAGES METASTATEMENT,STATEMENT,PB/Win only,Established,IMPLEMENTED
#OPTIMIZE METASTATEMENT,STATEMENT,PB/Win + PB/CC,Established,IMPLEMENTED
#OPTION METASTATEMENT,STATEMENT,PB/Win + PB/CC,Proposed New,IMPLEMENTED
#PAGE METASTATEMENT,STATEMENT,PB/Win + PB/CC,Established,IMPLEMENTED
#PBFORMS METASTATEMENT,STATEMENT,PB/Win only,Established,IMPLEMENTED
#REGISTER METASTATEMENT,STATEMENT,PB/Win + PB/CC,Established,IMPLEMENTED
#RESOURCE METASTATEMENT,STATEMENT,PB/Win + PB/CC,Proposed New,IMPLEMENTED
#STACK METASTATEMENT,STATEMENT,PB/Win + PB/CC,Established,IMPLEMENTED
#TOOLS METASTATEMENT,STATEMENT,PB/Win + PB/CC,Established,IMPLEMENTED
#UNIQUE METASTATEMENT,STATEMENT,PB/Win + PB/CC,Established,IMPLEMENTED
#UTILITY METASTATEMENT,STATEMENT,PB/Win + PB/CC,Established,IMPLEMENTED
ABS,FUNCTION,LLVM intrinsic,,IMPLEMENTED
ACCEL ATTACH,STATEMENT,PB/Win only,Established,TIER3_DDT
ACOS,FUNCTION,LLVM intrinsic,,IMPLEMENTED
ACOSH,FUNCTION,LLVM intrinsic,,IMPLEMENTED
ARRAY ADD,STATEMENT,PB/Win + PB/CC,Proposed New,IMPLEMENTED
ARRAY ARRAYIX,STATEMENT,PB/Win + PB/CC,Proposed New,IMPLEMENTED
ARRAY ASSIGN,STATEMENT,PB/Win + PB/CC,Proposed New,IMPLEMENTED
ARRAY COPY,STATEMENT,PB/Win + PB/CC,Proposed New,IMPLEMENTED
ARRAY DELETE,STATEMENT,PB/Win + PB/CC,Proposed New,IMPLEMENTED
ARRAY INSERT,STATEMENT,PB/Win + PB/CC,Proposed Improvement,IMPLEMENTED
ARRAY REDIM DECR,STATEMENT,PB/Win + PB/CC,Proposed New,IMPLEMENTED
ARRAY REDIM INCR,STATEMENT,PB/Win + PB/CC,Proposed New,IMPLEMENTED
ARRAY REVERSE,STATEMENT,PB/Win + PB/CC,Proposed New,IMPLEMENTED
ARRAY SCAN,STATEMENT,PB/Win + PB/CC,Proposed Improvement,IMPLEMENTED
ARRAY SELECT,STATEMENT,PB/Win + PB/CC,Proposed New,IMPLEMENTED
ARRAY SHUFFLE,STATEMENT,PB/Win + PB/CC,Proposed New,IMPLEMENTED
ARRAY SORT,STATEMENT,PB/Win + PB/CC,Established,IMPLEMENTED
ARRAY SWAP,STATEMENT,PB/Win + PB/CC,Proposed New,IMPLEMENTED
ARRAY TAGARRAY,STATEMENT,PB/Win + PB/CC,Proposed New,IMPLEMENTED
ARRAY TAGARRAY ERASE,STATEMENT,PB/Win + PB/CC,Proposed New,IMPLEMENTED
ARRAY UNIQUE,STATEMENT,PB/Win + PB/CC,Proposed New,IMPLEMENTED
ARRAY_REDIM_DECR,FUNCTION,codegen builtin,,IMPLEMENTED
ARRAY_REDIM_INCR,FUNCTION,codegen builtin,,IMPLEMENTED
ARRAY_SELECT,FUNCTION,codegen builtin,,IMPLEMENTED
ARRAY_TAGARRAY,FUNCTION,codegen builtin,,IMPLEMENTED
ARRAY_TAGARRAY_ERASE,FUNCTION,codegen builtin,,IMPLEMENTED
ASC,STATEMENT,PB/Win + PB/CC,Established,IMPLEMENTED
ASIN,FUNCTION,LLVM intrinsic,,IMPLEMENTED
ASINH,FUNCTION,LLVM intrinsic,,IMPLEMENTED
ASM,STATEMENT,PB/Win + PB/CC,Established,IMPLEMENTED
ASMDATA / END ASMDATA,BLOCK,PB/Win + PB/CC,Established,IMPLEMENTED
ATANH,FUNCTION,LLVM intrinsic,,IMPLEMENTED
ATN,FUNCTION,LLVM intrinsic,,IMPLEMENTED
ATN2,FUNCTION,codegen builtin,,IMPLEMENTED
BEEP,STATEMENT,PB/Win + PB/CC,Established,IMPLEMENTED
BGR,FUNCTION,codegen builtin,,IMPLEMENTED
BIN,FUNCTION,codegen builtin,,IMPLEMENTED
BIT,STATEMENT,PB/Win + PB/CC,Established,IMPLEMENTED
BIT CALC,STATEMENT,PB/Win + PB/CC,Established,IMPLEMENTED
BITS,FUNCTION,codegen builtin,,IMPLEMENTED
BUILD,FUNCTION,codegen builtin,,IMPLEMENTED
BYTE,FUNCTION,codegen builtin,,IMPLEMENTED
CALL,STATEMENT,PB/Win + PB/CC,Established,IMPLEMENTED
CALL DWORD,STATEMENT,PB/Win + PB/CC,Established,IMPLEMENTED
CALLSTK,STATEMENT,PB/Win + PB/CC,Established,IMPLEMENTED
CALLSTKCOUNT,FUNCTION,codegen builtin,,IMPLEMENTED
CBOOL,FUNCTION,codegen builtin,,IMPLEMENTED
CBRT,FUNCTION,C runtime (MSVCRT),,IMPLEMENTED
CBYTE,FUNCTION,codegen builtin,,IMPLEMENTED
CDBL,FUNCTION,codegen builtin,,IMPLEMENTED
CDWORD,FUNCTION,codegen builtin,,IMPLEMENTED
CEIL,FUNCTION,LLVM intrinsic,,IMPLEMENTED
CFLT,FUNCTION,codegen builtin,,IMPLEMENTED
CHDIR,STATEMENT,PB/Win + PB/CC,Established,IMPLEMENTED
CHDRIVE,STATEMENT,PB/Win + PB/CC,Established,IMPLEMENTED
CHOOSE,FUNCTION,codegen builtin,,IMPLEMENTED
CHR,FUNCTION,codegen builtin,,IMPLEMENTED
CHRTOOEM,FUNCTION,codegen builtin,,IMPLEMENTED
CHRTOUTF8,FUNCTION,codegen builtin,,IMPLEMENTED
CLASS/END CLASS,BLOCK,PB/Win + PB/CC,Established,IMPLEMENTED
CLIP,FUNCTION,codegen builtin,,IMPLEMENTED
CLIPBOARD,STATEMENT,PB/Win + PB/CC,Established,IMPLEMENTED
CLOSE,STATEMENT,PB/Win + PB/CC,Proposed Improvement,IMPLEMENTED
CLS,STATEMENT,PB/CC only,Established,IMPLEMENTED
CODEPTR,FUNCTION,codegen builtin,,IMPLEMENTED
COLOR,STATEMENT,PB/CC only,Established,IMPLEMENTED
COMBOBOX,STATEMENT,PB/Win only,Established,TIER3_DDT
COMM CLOSE,STATEMENT,PB/Win + PB/CC,Established,IMPLEMENTED
COMM LINE,STATEMENT,PB/Win + PB/CC,Established,IMPLEMENTED
COMM OPEN,STATEMENT,PB/Win + PB/CC,Established,IMPLEMENTED
COMM PRINT,STATEMENT,PB/Win + PB/CC,Established,IMPLEMENTED
COMM RECV,STATEMENT,PB/Win + PB/CC,Established,IMPLEMENTED
COMM RESET,STATEMENT,PB/Win + PB/CC,Established,IMPLEMENTED
COMM SEND,STATEMENT,PB/Win + PB/CC,Established,IMPLEMENTED
COMM SET,STATEMENT,PB/Win + PB/CC,Established,IMPLEMENTED
COMM TIMEOUT,STATEMENT,PB/Win + PB/CC,Established,IMPLEMENTED
COMMAND,FUNCTION,codegen builtin,,IMPLEMENTED
CONTROL ADD *CUSTOM CONTROL*,STATEMENT,PB/Win only,Proposed Improvement,TIER3_DDT
CONTROL ADD BUTTON,STATEMENT,PB/Win only,Established,TIER3_DDT
CONTROL ADD CHECK3STATE,STATEMENT,PB/Win only,Established,TIER3_DDT
CONTROL ADD CHECKBOX,STATEMENT,PB/Win only,Established,TIER3_DDT
CONTROL ADD COMBOBOX,STATEMENT,PB/Win only,Established,TIER3_DDT
CONTROL ADD FRAME,STATEMENT,PB/Win only,Established,TIER3_DDT
CONTROL ADD GRAPHIC,STATEMENT,PB/Win only,Established,TIER3_DDT
CONTROL ADD HEADER,STATEMENT,PB/Win only,Established,TIER3_DDT
CONTROL ADD IMAGE,STATEMENT,PB/Win only,Established,TIER3_DDT
CONTROL ADD IMAGEX,STATEMENT,PB/Win only,Established,TIER3_DDT
CONTROL ADD IMGBUTTON,STATEMENT,PB/Win only,Established,TIER3_DDT
CONTROL ADD IMGBUTTONX,STATEMENT,PB/Win only,Established,TIER3_DDT
CONTROL ADD LABEL,STATEMENT,PB/Win only,Established,TIER3_DDT
CONTROL ADD LINE,STATEMENT,PB/Win only,Established,TIER3_DDT
CONTROL ADD LISTBOX,STATEMENT,PB/Win only,Established,TIER3_DDT
CONTROL ADD LISTVIEW,STATEMENT,PB/Win only,Established,TIER3_DDT
CONTROL ADD OPTION,STATEMENT,PB/Win only,Established,TIER3_DDT
CONTROL ADD PROGRESSBAR,STATEMENT,PB/Win only,Established,TIER3_DDT
CONTROL ADD SCROLLBAR,STATEMENT,PB/Win only,Established,TIER3_DDT
CONTROL ADD STATUSBAR,STATEMENT,PB/Win only,Established,TIER3_DDT
CONTROL ADD TAB,STATEMENT,PB/Win only,Established,TIER3_DDT
CONTROL ADD TEXTBOX,STATEMENT,PB/Win only,Established,TIER3_DDT
CONTROL ADD TOOLBAR,STATEMENT,PB/Win only,Established,TIER3_DDT
CONTROL ADD TREEVIEW,STATEMENT,PB/Win only,Established,TIER3_DDT
CONTROL DISABLE,STATEMENT,PB/Win only,Established,TIER3_DDT
CONTROL ENABLE,STATEMENT,PB/Win only,Established,TIER3_DDT
CONTROL GET CHECK,STATEMENT,PB/Win only,Established,TIER3_DDT
CONTROL GET CLIENT,STATEMENT,PB/Win only,Proposed Improvement,TIER3_DDT
CONTROL GET LOC,STATEMENT,PB/Win only,Proposed Improvement,TIER3_DDT
CONTROL GET SIZE,STATEMENT,PB/Win only,Proposed Improvement,TIER3_DDT
CONTROL GET TEXT,STATEMENT,PB/Win only,Established,TIER3_DDT
CONTROL GET USER,STATEMENT,PB/Win only,Established,TIER3_DDT
CONTROL HANDLE,STATEMENT,PB/Win only,Established,TIER3_DDT
CONTROL HIDE,STATEMENT,PB/Win only,Established,TIER3_DDT
CONTROL KILL,STATEMENT,PB/Win only,Established,TIER3_DDT
CONTROL NORMALIZE,STATEMENT,PB/Win only,Established,TIER3_DDT
CONTROL POST,STATEMENT,PB/Win only,Established,TIER3_DDT
CONTROL REDRAW,STATEMENT,PB/Win only,Established,TIER3_DDT
CONTROL SEND,STATEMENT,PB/Win only,Established,TIER3_DDT
CONTROL SET CHECK,STATEMENT,PB/Win only,Established,TIER3_DDT
CONTROL SET CLIENT,STATEMENT,PB/Win only,Established,TIER3_DDT
CONTROL SET COLOR,STATEMENT,PB/Win only,Established,TIER3_DDT
CONTROL SET FOCUS,STATEMENT,PB/Win only,Established,TIER3_DDT
CONTROL SET FONT,STATEMENT,PB/Win only,Established,TIER3_DDT
CONTROL SET IMAGE,STATEMENT,PB/Win only,Established,TIER3_DDT
CONTROL SET IMAGEX,STATEMENT,PB/Win only,Established,TIER3_DDT
CONTROL SET IMGBUTTON,STATEMENT,PB/Win only,Established,TIER3_DDT
CONTROL SET IMGBUTTONX,STATEMENT,PB/Win only,Established,TIER3_DDT
CONTROL SET LOC,STATEMENT,PB/Win only,Proposed Improvement,TIER3_DDT
CONTROL SET OPTION,STATEMENT,PB/Win only,Established,TIER3_DDT
CONTROL SET SIZE,STATEMENT,PB/Win only,Proposed Improvement,TIER3_DDT
CONTROL SET TEXT,STATEMENT,PB/Win only,Established,TIER3_DDT
CONTROL SET USER,STATEMENT,PB/Win only,Established,TIER3_DDT
CONTROL SHOW STATE,STATEMENT,PB/Win only,Established,TIER3_DDT
CONTROL TRAXOMATIC,STATEMENT,PB/Win only,Proposed New,TIER3_DDT
COS,FUNCTION,LLVM intrinsic,,IMPLEMENTED
COSH,FUNCTION,LLVM intrinsic,,IMPLEMENTED
COT,FUNCTION,C runtime (MSVCRT),,IMPLEMENTED
COTH,FUNCTION,C runtime (MSVCRT),,IMPLEMENTED
CQUAD,FUNCTION,codegen builtin,,IMPLEMENTED
CSC,FUNCTION,C runtime (MSVCRT),,IMPLEMENTED
CSCH,FUNCTION,C runtime (MSVCRT),,IMPLEMENTED
CSET,STATEMENT,PB/Win + PB/CC,Established,IMPLEMENTED
CSNG,FUNCTION,codegen builtin,,IMPLEMENTED
CSTR,FUNCTION,codegen builtin,,IMPLEMENTED
CULNG,FUNCTION,codegen builtin,,IMPLEMENTED
CURDIR,FUNCTION,codegen builtin,,IMPLEMENTED
CVBYT,FUNCTION,codegen builtin,,IMPLEMENTED
CVCUX,FUNCTION,codegen builtin,,IMPLEMENTED
CVDWD,FUNCTION,codegen builtin,,IMPLEMENTED
CVL,FUNCTION,codegen builtin,,IMPLEMENTED
CVQ,FUNCTION,codegen builtin,,IMPLEMENTED
CVW,FUNCTION,codegen builtin,,IMPLEMENTED
CWORD,FUNCTION,codegen builtin,,IMPLEMENTED
DATA,STATEMENT,PB/Win + PB/CC,Established,IMPLEMENTED
DATACOUNT,FUNCTION,codegen builtin,,IMPLEMENTED
DAYNAME,FUNCTION,codegen builtin,,IMPLEMENTED
DEC,FUNCTION,codegen builtin,,IMPLEMENTED
DECLARE,STATEMENT,PB/Win + PB/CC,Proposed Improvement,IMPLEMENTED
DECR,STATEMENT,PB/Win + PB/CC,Established,IMPLEMENTED
DESKTOP GET CLIENT,STATEMENT,PB/Win + PB/CC,Established,IMPLEMENTED
DESKTOP GET LOC,STATEMENT,PB/Win + PB/CC,Established,IMPLEMENTED
DESKTOP GET PPI,STATEMENT,PB/Win + PB/CC,Proposed New,IMPLEMENTED
DESKTOP GET SIZE,STATEMENT,PB/Win + PB/CC,Established,IMPLEMENTED
DIALOG DEFAULT FONT,STATEMENT,PB/Win only,Established,TIER3_DDT
DIALOG DISABLE,STATEMENT,PB/Win only,Established,TIER3_DDT
DIALOG DOEVENTS,STATEMENT,PB/Win only,Established,TIER3_DDT
DIALOG ENABLE,STATEMENT,PB/Win only,Established,TIER3_DDT
DIALOG END,STATEMENT,PB/Win only,Established,TIER3_DDT
DIALOG GET CLIENT,STATEMENT,PB/Win only,Proposed Improvement,TIER3_DDT
DIALOG GET LOC,STATEMENT,PB/Win only,Proposed Improvement,TIER3_DDT
DIALOG GET SIZE,STATEMENT,PB/Win only,Proposed Improvement,TIER3_DDT
DIALOG GET TEXT,STATEMENT,PB/Win only,Established,TIER3_DDT
DIALOG GET USER,STATEMENT,PB/Win only,Established,TIER3_DDT
DIALOG HIDE,STATEMENT,PB/Win only,Established,TIER3_DDT
DIALOG MAXIMIZE,STATEMENT,PB/Win only,Established,TIER3_DDT
DIALOG MINIMIZE,STATEMENT,PB/Win only,Established,TIER3_DDT
DIALOG NEW,STATEMENT,PB/Win only,Proposed Improvement,TIER3_DDT
DIALOG NONSTABLE,STATEMENT,PB/Win only,Established,TIER3_DDT
DIALOG NORMALIZE,STATEMENT,PB/Win only,Established,TIER3_DDT
DIALOG PIXELS,STATEMENT,PB/Win only,Established,TIER3_DDT
DIALOG POST,STATEMENT,PB/Win only,Established,TIER3_DDT
DIALOG REDRAW,STATEMENT,PB/Win only,Established,TIER3_DDT
DIALOG SEND,STATEMENT,PB/Win only,Established,TIER3_DDT
DIALOG SET CLIENT,STATEMENT,PB/Win only,Proposed Improvement,TIER3_DDT
DIALOG SET COLOR,STATEMENT,PB/Win only,Established,TIER3_DDT
DIALOG SET ICON,STATEMENT,PB/Win only,Established,TIER3_DDT
DIALOG SET LOC,STATEMENT,PB/Win only,Proposed Improvement,TIER3_DDT
DIALOG SET SIZE,STATEMENT,PB/Win only,Proposed Improvement,TIER3_DDT
DIALOG SET TEXT,STATEMENT,PB/Win only,Established,TIER3_DDT
DIALOG SET USER,STATEMENT,PB/Win only,Established,TIER3_DDT
DIALOG SHOW MODAL,STATEMENT,PB/Win only,Established,TIER3_DDT
DIALOG SHOW MODELESS,STATEMENT,PB/Win only,Established,TIER3_DDT
DIALOG SHOW STATE,STATEMENT,PB/Win only,Established,TIER3_DDT
DIALOG STABILIZE,STATEMENT,PB/Win only,Established,TIER3_DDT
DIALOG TRAXOMATIC,STATEMENT,PB/Win only,Proposed New,TIER3_DDT
DIALOG UNITS,STATEMENT,PB/Win only,Established,TIER3_DDT
DIALOG XLAT,STATEMENT,PB/Win only,Proposed New,TIER3_DDT
DIM,STATEMENT,PB/Win + PB/CC,Proposed Improvement,IMPLEMENTED
DIR,FUNCTION,codegen builtin,,IMPLEMENTED
DIR FUNCTION AND,STATEMENT,PB/Win + PB/CC,Proposed Improvement,IMPLEMENTED
DISKFREE,FUNCTION,codegen builtin,,IMPLEMENTED
DISKSIZE,FUNCTION,codegen builtin,,IMPLEMENTED
DISPLAY BROWSE,STATEMENT,PB/Win only,Established,IMPLEMENTED
DISPLAY COLOR,STATEMENT,PB/Win only,Established,IMPLEMENTED
DISPLAY FONT,STATEMENT,PB/Win only,Established,IMPLEMENTED
DISPLAY OPENFILE,STATEMENT,PB/Win only,Established,IMPLEMENTED
DISPLAY SAVEFILE,STATEMENT,PB/Win only,Established,IMPLEMENTED
DISPLAY_BROWSE,FUNCTION,codegen builtin,,IMPLEMENTED
DISPLAY_COLOR,FUNCTION,codegen builtin,,IMPLEMENTED
DISPLAY_FONT,FUNCTION,codegen builtin,,IMPLEMENTED
DISPLAY_OPENFILE,FUNCTION,codegen builtin,,IMPLEMENTED
DISPLAY_SAVEFILE,FUNCTION,codegen builtin,,IMPLEMENTED
DOUBLE,FUNCTION,codegen builtin,,IMPLEMENTED
END,STATEMENT,PB/Win + PB/CC,Established,IMPLEMENTED
ENVIRON,STATEMENT,PB/Win + PB/CC,Established,IMPLEMENTED
EOF,FUNCTION,codegen builtin,,IMPLEMENTED
ERASE,STATEMENT,PB/Win + PB/CC,Established,IMPLEMENTED
ERF,FUNCTION,C runtime (MSVCRT),,IMPLEMENTED
ERL,FUNCTION,codegen builtin,,IMPLEMENTED
ERR,FUNCTION,codegen builtin,,IMPLEMENTED
ERRCLEAR,FUNCTION,codegen builtin,,IMPLEMENTED
ERROR,STATEMENT,PB/Win + PB/CC,Established,IMPLEMENTED
EVENT SOURCE,STATEMENT,PB/Win + PB/CC,Established,IMPLEMENTED
EVENTS,STATEMENT,PB/Win + PB/CC,Established,IMPLEMENTED
EXE,FUNCTION,codegen builtin,,IMPLEMENTED
EXIST,FUNCTION,codegen builtin,,IMPLEMENTED
EXIT,STATEMENT,PB/Win + PB/CC,Established,IMPLEMENTED
EXP,FUNCTION,LLVM intrinsic,,IMPLEMENTED
EXP10,FUNCTION,LLVM intrinsic,,IMPLEMENTED
EXP2,FUNCTION,LLVM intrinsic,,IMPLEMENTED
EXPM1,FUNCTION,C runtime (MSVCRT),,IMPLEMENTED
EXTRACT,FUNCTION,codegen builtin,,IMPLEMENTED
FIELD,STATEMENT,PB/Win + PB/CC,Established,IMPLEMENTED
FILEATTR,FUNCTION,codegen builtin,,IMPLEMENTED
FILECOPY,STATEMENT,PB/Win + PB/CC,Established,IMPLEMENTED
FILENAME,FUNCTION,codegen builtin,,IMPLEMENTED
FILESCAN,STATEMENT,PB/Win + PB/CC,Established,IMPLEMENTED
FIX,FUNCTION,codegen builtin,,IMPLEMENTED
FLOOR,FUNCTION,LLVM intrinsic,,IMPLEMENTED
FLUSH,STATEMENT,PB/Win + PB/CC,Established,IMPLEMENTED
FONT END,STATEMENT,PB/Win + PB/CC,Proposed Improvement,IMPLEMENTED
FONT NEW,STATEMENT,PB/Win + PB/CC,Proposed Improvement,IMPLEMENTED
FONT_END,FUNCTION,codegen builtin,,IMPLEMENTED
FONT_NEW,FUNCTION,codegen builtin,,IMPLEMENTED
FOR / NEXT,STATEMENT,PB/Win + PB/CC,Established,IMPLEMENTED
FORMAT,FUNCTION,codegen builtin,,IMPLEMENTED
FRAC,FUNCTION,codegen builtin,,IMPLEMENTED
FRE,FUNCTION,codegen builtin,,IMPLEMENTED
FREEFILE,FUNCTION,codegen builtin,,IMPLEMENTED
FUNCTION / END FUNCTION,STATEMENT,PB/Win + PB/CC,Established,IMPLEMENTED
GET,STATEMENT,PB/Win + PB/CC,Proposed Improvement,IMPLEMENTED
GET$,STATEMENT,PB/Win + PB/CC,Proposed Improvement,IMPLEMENTED
GET$$,STATEMENT,PB/Win + PB/CC,Proposed Improvement,IMPLEMENTED
GET_STR,FUNCTION,codegen builtin,,IMPLEMENTED
GET_WSTR,FUNCTION,codegen builtin,,IMPLEMENTED
GETATTR,FUNCTION,codegen builtin,,IMPLEMENTED
GLOBAL,STATEMENT,PB/Win + PB/CC,Established,IMPLEMENTED
GLOBALMEM,STATEMENT,PB/Win + PB/CC,Established,IMPLEMENTED
GRAPHIC ARC,STATEMENT,PB/Win + PB/CC,Established,IMPLEMENTED
GRAPHIC ATTACH,STATEMENT,PB/Win + PB/CC,Established,IMPLEMENTED
GRAPHIC BITMAP CAPTURE,STATEMENT,PB/Win + PB/CC,Proposed New,TIER3_DDT
GRAPHIC BITMAP END,STATEMENT,PB/Win + PB/CC,Established,IMPLEMENTED
GRAPHIC BITMAP LOAD,STATEMENT,PB/Win + PB/CC,Established,IMPLEMENTED
GRAPHIC BITMAP NEW,STATEMENT,PB/Win + PB/CC,Established,IMPLEMENTED
GRAPHIC BOX,STATEMENT,PB/Win + PB/CC,Established,IMPLEMENTED
GRAPHIC CELL,STATEMENT,PB/Win + PB/CC,Established,IMPLEMENTED
GRAPHIC CELL SIZE,STATEMENT,PB/Win + PB/CC,Established,IMPLEMENTED
GRAPHIC CHR SIZE,STATEMENT,PB/Win + PB/CC,Established,IMPLEMENTED
GRAPHIC CLEAR,STATEMENT,PB/Win + PB/CC,Established,IMPLEMENTED
GRAPHIC COLOR,STATEMENT,PB/Win + PB/CC,Established,IMPLEMENTED
GRAPHIC COPY,STATEMENT,PB/Win + PB/CC,Established,IMPLEMENTED
GRAPHIC DETACH,STATEMENT,PB/Win + PB/CC,Established,IMPLEMENTED
GRAPHIC ELLIPSE,STATEMENT,PB/Win + PB/CC,Established,IMPLEMENTED
GRAPHIC GET BITS,STATEMENT,PB/Win + PB/CC,Established,IMPLEMENTED
GRAPHIC GET CANVAS,STATEMENT,PB/Win + PB/CC,Established,IMPLEMENTED
GRAPHIC GET CAPTION,STATEMENT,PB/Win + PB/CC,Established,IMPLEMENTED
GRAPHIC GET CLIENT,STATEMENT,PB/Win + PB/CC,Proposed Improvement,IMPLEMENTED
GRAPHIC GET CLIP,STATEMENT,PB/Win + PB/CC,Established,IMPLEMENTED
GRAPHIC GET DC,STATEMENT,PB/Win + PB/CC,Established,IMPLEMENTED
GRAPHIC GET LINES,STATEMENT,PB/Win + PB/CC,Established,IMPLEMENTED
GRAPHIC GET LOC,STATEMENT,PB/Win + PB/CC,Proposed Improvement,IMPLEMENTED
GRAPHIC GET MIX,STATEMENT,PB/Win + PB/CC,Established,IMPLEMENTED
GRAPHIC GET OVERLAP,STATEMENT,PB/Win + PB/CC,Established,TIER3_DDT
GRAPHIC GET PIXEL,STATEMENT,PB/Win + PB/CC,Established,IMPLEMENTED
GRAPHIC GET POS,STATEMENT,PB/Win + PB/CC,Established,IMPLEMENTED
GRAPHIC GET PPI,STATEMENT,PB/Win + PB/CC,Established,IMPLEMENTED
GRAPHIC GET SCALE,STATEMENT,PB/Win + PB/CC,Established,IMPLEMENTED
GRAPHIC GET SCROLLTEXT,STATEMENT,PB/Win + PB/CC,Established,TIER3_DDT
GRAPHIC GET SIZE,STATEMENT,PB/Win + PB/CC,Proposed Improvement,IMPLEMENTED
GRAPHIC GET STRETCHMODE,STATEMENT,PB/Win + PB/CC,Established,IMPLEMENTED
GRAPHIC GET TEXTALIGN,STATEMENT,PB/Win + PB/CC,Proposed New,IMPLEMENTED
GRAPHIC GET VIEW,STATEMENT,PB/Win + PB/CC,Established,IMPLEMENTED
GRAPHIC GET WORDWRAP,STATEMENT,PB/Win + PB/CC,Established,IMPLEMENTED
GRAPHIC GET WRAP,STATEMENT,PB/Win + PB/CC,Established,IMPLEMENTED
GRAPHIC IMAGELIST,STATEMENT,PB/Win + PB/CC,Established,TIER3_DDT
GRAPHIC INKEY$,STATEMENT,PB/Win + PB/CC,Established,TIER3_DDT
GRAPHIC INPUT,STATEMENT,PB/Win + PB/CC,Established,TIER3_DDT
GRAPHIC INPUT FLUSH,STATEMENT,PB/Win + PB/CC,Established,TIER3_DDT
GRAPHIC INSTAT,STATEMENT,PB/Win + PB/CC,Established,TIER3_DDT
GRAPHIC LINE,STATEMENT,PB/Win + PB/CC,Established,IMPLEMENTED
GRAPHIC LINE INPUT,STATEMENT,PB/Win + PB/CC,Established,TIER3_DDT
GRAPHIC PAINT,STATEMENT,PB/Win + PB/CC,Established,IMPLEMENTED
GRAPHIC PIE,STATEMENT,PB/Win + PB/CC,Established,IMPLEMENTED
GRAPHIC POLYGON,STATEMENT,PB/Win + PB/CC,Established,IMPLEMENTED
GRAPHIC POLYLINE,STATEMENT,PB/Win + PB/CC,Established,IMPLEMENTED
GRAPHIC PRINT,STATEMENT,PB/Win + PB/CC,Established,TIER3_DDT
GRAPHIC REDRAW,STATEMENT,PB/Win + PB/CC,Established,TIER3_DDT
GRAPHIC RENDER,STATEMENT,PB/Win + PB/CC,Established,TIER3_DDT
GRAPHIC SAVE,STATEMENT,PB/Win + PB/CC,Established,IMPLEMENTED
GRAPHIC SCALE,STATEMENT,PB/Win + PB/CC,Established,IMPLEMENTED
GRAPHIC SET AUTOSIZE,STATEMENT,PB/Win + PB/CC,Proposed Improvement,IMPLEMENTED
GRAPHIC SET BITS,STATEMENT,PB/Win + PB/CC,Established,IMPLEMENTED
GRAPHIC SET CAPTION,STATEMENT,PB/Win + PB/CC,Established,IMPLEMENTED
GRAPHIC SET CLIENT,STATEMENT,PB/Win + PB/CC,Proposed Improvement,TIER3_DDT
GRAPHIC SET CLIP,STATEMENT,PB/Win + PB/CC,Established,IMPLEMENTED
GRAPHIC SET FIXED,STATEMENT,PB/Win + PB/CC,Established,IMPLEMENTED
GRAPHIC SET FOCUS,STATEMENT,PB/Win + PB/CC,Established,TIER3_DDT
GRAPHIC SET FONT,STATEMENT,PB/Win + PB/CC,Established,IMPLEMENTED
GRAPHIC SET LOC,STATEMENT,PB/Win + PB/CC,Proposed Improvement,TIER3_DDT
GRAPHIC SET MIX,STATEMENT,PB/Win + PB/CC,Established,IMPLEMENTED
GRAPHIC SET OVERLAP,STATEMENT,PB/Win + PB/CC,Established,TIER3_DDT
GRAPHIC SET PIXEL,STATEMENT,PB/Win + PB/CC,Established,IMPLEMENTED
GRAPHIC SET POS,STATEMENT,PB/Win + PB/CC,Established,IMPLEMENTED
GRAPHIC SET SCROLLTEXT,STATEMENT,PB/Win + PB/CC,Established,TIER3_DDT
GRAPHIC SET SIZE,STATEMENT,PB/Win + PB/CC,Proposed Improvement,IMPLEMENTED
GRAPHIC SET STRETCHMODE,STATEMENT,PB/Win + PB/CC,Established,IMPLEMENTED
GRAPHIC SET TEXTALIGN,STATEMENT,PB/Win + PB/CC,Proposed New,IMPLEMENTED
GRAPHIC SET VIEW,STATEMENT,PB/Win + PB/CC,Established,IMPLEMENTED
GRAPHIC SET VIRTUAL,STATEMENT,PB/Win + PB/CC,Proposed Improvement,IMPLEMENTED
GRAPHIC SET WORDWRAP,STATEMENT,PB/Win + PB/CC,Established,IMPLEMENTED
GRAPHIC SET WRAP,STATEMENT,PB/Win + PB/CC,Established,IMPLEMENTED
GRAPHIC SPLIT,STATEMENT,PB/Win + PB/CC,Established,TIER3_DDT
GRAPHIC STRETCH,STATEMENT,PB/Win + PB/CC,Established,TIER3_DDT
GRAPHIC STYLE,STATEMENT,PB/Win + PB/CC,Established,IMPLEMENTED
GRAPHIC TEXT SIZE,STATEMENT,PB/Win + PB/CC,Established,IMPLEMENTED
GRAPHIC WAITKEY$,STATEMENT,PB/Win + PB/CC,Established,TIER3_DDT
GRAPHIC WIDTH,STATEMENT,PB/Win + PB/CC,Established,IMPLEMENTED
GRAPHIC WINDOW,STATEMENT,PB/Win + PB/CC,Established,TIER3_DDT
GRAPHIC WINDOW CLICK,STATEMENT,PB/Win + PB/CC,Established,TIER3_DDT
GRAPHIC WINDOW END,STATEMENT,PB/Win + PB/CC,Established,TIER3_DDT
GRAPHIC WINDOW HIDE,STATEMENT,PB/Win + PB/CC,Established,TIER3_DDT
GRAPHIC WINDOW MINIMIZE,STATEMENT,PB/Win + PB/CC,Established,TIER3_DDT
GRAPHIC WINDOW NONSTABLE,STATEMENT,PB/Win + PB/CC,Established,TIER3_DDT
GRAPHIC WINDOW NORMALIZE,STATEMENT,PB/Win + PB/CC,Established,TIER3_DDT
GRAPHIC WINDOW STABILIZE,STATEMENT,PB/Win + PB/CC,Established,TIER3_DDT
GRAPHIC_ARC,FUNCTION,codegen builtin,,IMPLEMENTED
GRAPHIC_ATTACH,FUNCTION,codegen builtin,,IMPLEMENTED
GRAPHIC_BITMAP_END,FUNCTION,codegen builtin,,IMPLEMENTED
GRAPHIC_BITMAP_LOAD,FUNCTION,codegen builtin,,IMPLEMENTED
GRAPHIC_BITMAP_NEW,FUNCTION,codegen builtin,,IMPLEMENTED
GRAPHIC_CELL,FUNCTION,codegen builtin,,IMPLEMENTED
GRAPHIC_CHR_SIZE,FUNCTION,codegen builtin,,IMPLEMENTED
GRAPHIC_CIRCLE,FUNCTION,codegen builtin,,IMPLEMENTED
GRAPHIC_CLEAR,FUNCTION,codegen builtin,,IMPLEMENTED
GRAPHIC_COLOR,FUNCTION,codegen builtin,,IMPLEMENTED
GRAPHIC_COPY,FUNCTION,codegen builtin,,IMPLEMENTED
GRAPHIC_DETACH,FUNCTION,codegen builtin,,IMPLEMENTED
GRAPHIC_ELLIPSE,FUNCTION,codegen builtin,,IMPLEMENTED
GRAPHIC_GET_BITS,FUNCTION,codegen builtin,,IMPLEMENTED
GRAPHIC_GET_CAPTION,FUNCTION,codegen builtin,,IMPLEMENTED
GRAPHIC_GET_CLIP,FUNCTION,codegen builtin,,IMPLEMENTED
GRAPHIC_GET_DC,FUNCTION,codegen builtin,,IMPLEMENTED
GRAPHIC_GET_LINES,FUNCTION,codegen builtin,,IMPLEMENTED
GRAPHIC_GET_LOC,FUNCTION,codegen builtin,,IMPLEMENTED
GRAPHIC_GET_MIX,FUNCTION,codegen builtin,,IMPLEMENTED
GRAPHIC_GET_PIXEL,FUNCTION,codegen builtin,,IMPLEMENTED
GRAPHIC_GET_POS,FUNCTION,codegen builtin,,IMPLEMENTED
GRAPHIC_GET_PPI,FUNCTION,codegen builtin,,IMPLEMENTED
GRAPHIC_GET_SCALE,FUNCTION,codegen builtin,,IMPLEMENTED
GRAPHIC_GET_SIZE,FUNCTION,codegen builtin,,IMPLEMENTED
GRAPHIC_GET_STRETCHMODE,FUNCTION,codegen builtin,,IMPLEMENTED
GRAPHIC_GET_TEXTALIGN,FUNCTION,codegen builtin,,IMPLEMENTED
GRAPHIC_GET_VIEW,FUNCTION,codegen builtin,,IMPLEMENTED
GRAPHIC_GET_WORDWRAP,FUNCTION,codegen builtin,,IMPLEMENTED
GRAPHIC_GET_WRAP,FUNCTION,codegen builtin,,IMPLEMENTED
GRAPHIC_LINE,FUNCTION,codegen builtin,,IMPLEMENTED
GRAPHIC_PAINT,FUNCTION,codegen builtin,,IMPLEMENTED
GRAPHIC_PIE,FUNCTION,codegen builtin,,IMPLEMENTED
GRAPHIC_POLYGON,FUNCTION,codegen builtin,,IMPLEMENTED
GRAPHIC_POLYLINE,FUNCTION,codegen builtin,,IMPLEMENTED
GRAPHIC_SAVE,FUNCTION,codegen builtin,,IMPLEMENTED
GRAPHIC_SCALE,FUNCTION,codegen builtin,,IMPLEMENTED
GRAPHIC_SCALE_PIXELS,FUNCTION,codegen builtin,,IMPLEMENTED
GRAPHIC_SET_AUTOSIZE,FUNCTION,codegen builtin,,IMPLEMENTED
GRAPHIC_SET_BITS,FUNCTION,codegen builtin,,IMPLEMENTED
GRAPHIC_SET_CAPTION,FUNCTION,codegen builtin,,IMPLEMENTED
GRAPHIC_SET_CLIP,FUNCTION,codegen builtin,,IMPLEMENTED
GRAPHIC_SET_FIXED,FUNCTION,codegen builtin,,IMPLEMENTED
GRAPHIC_SET_FONT,FUNCTION,codegen builtin,,IMPLEMENTED
GRAPHIC_SET_MIX,FUNCTION,codegen builtin,,IMPLEMENTED
GRAPHIC_SET_PIXEL,FUNCTION,codegen builtin,,IMPLEMENTED
GRAPHIC_SET_POS,FUNCTION,codegen builtin,,IMPLEMENTED
GRAPHIC_SET_SIZE,FUNCTION,codegen builtin,,IMPLEMENTED
GRAPHIC_SET_STRETCHMODE,FUNCTION,codegen builtin,,IMPLEMENTED
GRAPHIC_SET_TEXTALIGN,FUNCTION,codegen builtin,,IMPLEMENTED
GRAPHIC_SET_VIEW,FUNCTION,codegen builtin,,IMPLEMENTED
GRAPHIC_SET_VIRTUAL,FUNCTION,codegen builtin,,IMPLEMENTED
GRAPHIC_SET_WORDWRAP,FUNCTION,codegen builtin,,IMPLEMENTED
GRAPHIC_SET_WRAP,FUNCTION,codegen builtin,,IMPLEMENTED
GRAPHIC_STYLE,FUNCTION,codegen builtin,,IMPLEMENTED
GRAPHIC_TEXT_SIZE,FUNCTION,codegen builtin,,IMPLEMENTED
HEADER,STATEMENT,PB/Win only,Established,IMPLEMENTED
HEADER_CTRL,FUNCTION,codegen builtin,,IMPLEMENTED
HEX,FUNCTION,codegen builtin,,IMPLEMENTED
HIWRD,FUNCTION,codegen builtin,,IMPLEMENTED
HOST ADDR,STATEMENT,PB/Win + PB/CC,Established,IMPLEMENTED
HOST NAME,STATEMENT,PB/Win + PB/CC,Established,IMPLEMENTED
HYPOT,FUNCTION,C runtime (MSVCRT),,IMPLEMENTED
IF,STATEMENT,PB/Win + PB/CC,Established,IMPLEMENTED
IF/END IF,BLOCK,PB/Win + PB/CC,Established,IMPLEMENTED
IIF,FUNCTION,codegen builtin,,IMPLEMENTED
IMAGELIST,STATEMENT,PB/Win only,Established,IMPLEMENTED
IMAGELIST_COUNT,FUNCTION,codegen builtin,,IMPLEMENTED
IMAGELIST_KILL,FUNCTION,codegen builtin,,IMPLEMENTED
IMAGELIST_NEW,FUNCTION,codegen builtin,,IMPLEMENTED
IMPORT,STATEMENT,PB/Win + PB/CC,Established,IMPLEMENTED
INCR,STATEMENT,PB/Win + PB/CC,Established,IMPLEMENTED
INPUT FLUSH,STATEMENT,PB/CC only,Established,IMPLEMENTED
INPUT#,STATEMENT,PB/CC only,Proposed Improvement,IMPLEMENTED
INSTANCE,STATEMENT,PB/Win + PB/CC,Established,IMPLEMENTED
INSTR,FUNCTION,codegen builtin,,IMPLEMENTED
INT,FUNCTION,codegen builtin,,IMPLEMENTED
INTEGER,FUNCTION,codegen builtin,,IMPLEMENTED
INTERFACE / END INTERFACE (DIRECT),BLOCK,PB/Win + PB/CC,Established,IMPLEMENTED
INTERFACE/END INTERFACE (IDBIND),BLOCK,PB/Win + PB/CC,Established,IMPLEMENTED
ISEVEN,FUNCTION,codegen builtin,,IMPLEMENTED
ISFALSE,FUNCTION,codegen builtin,,IMPLEMENTED
ISFILE,FUNCTION,codegen builtin,,IMPLEMENTED
ISFOLDER,FUNCTION,codegen builtin,,IMPLEMENTED
ISINFINITE,STATEMENT,PB/Win + PB/CC,Proposed New,IMPLEMENTED
ISNORMAL,STATEMENT,PB/Win + PB/CC,Proposed New,IMPLEMENTED
ISODD,FUNCTION,codegen builtin,,IMPLEMENTED
ISTRUE,FUNCTION,codegen builtin,,IMPLEMENTED
ITERATE,STATEMENT,PB/Win + PB/CC,Established,IMPLEMENTED
KILL,STATEMENT,PB/Win + PB/CC,Established,IMPLEMENTED
LCASE,FUNCTION,codegen builtin,,IMPLEMENTED
LEFT,FUNCTION,codegen builtin,,IMPLEMENTED
LEN,FUNCTION,codegen builtin,,IMPLEMENTED
LET,STATEMENT,PB/Win + PB/CC,Established,IMPLEMENTED
LET *(WITH OBJECTS)*,STATEMENT,PB/Win + PB/CC,Established,IMPLEMENTED
LET *(WITH TYPES)*,STATEMENT,PB/Win + PB/CC,Established,IMPLEMENTED
LET *(WITH VARIANTS)*,STATEMENT,PB/Win + PB/CC,Established,IMPLEMENTED
LINE INPUT#,STATEMENT,PB/Win + PB/CC,Proposed Improvement,IMPLEMENTED
LISTBOX,STATEMENT,PB/Win only,Established,TIER3_DDT
LISTVIEW,STATEMENT,PB/Win only,Established,TIER3_DDT
LO,FUNCTION,codegen builtin,,IMPLEMENTED
LOCAL,STATEMENT,PB/Win + PB/CC,Established,IMPLEMENTED
LOCK,STATEMENT,PB/Win + PB/CC,Established,IMPLEMENTED
LOG,FUNCTION,LLVM intrinsic,,IMPLEMENTED
LOG10,FUNCTION,LLVM intrinsic,,IMPLEMENTED
LOG1P,FUNCTION,C runtime (MSVCRT),,IMPLEMENTED
LOG2,FUNCTION,LLVM intrinsic,,IMPLEMENTED
LONG,FUNCTION,codegen builtin,,IMPLEMENTED
LOWRD,FUNCTION,codegen builtin,,IMPLEMENTED
LPRINT,STATEMENT,PB/Win + PB/CC,Established,IMPLEMENTED
LPRINT ATTACH,STATEMENT,PB/Win + PB/CC,Established,IMPLEMENTED
LPRINT CLOSE,STATEMENT,PB/Win + PB/CC,Established,IMPLEMENTED
LPRINT FLUSH,STATEMENT,PB/Win + PB/CC,Established,IMPLEMENTED
LPRINT FORMFEED,STATEMENT,PB/Win + PB/CC,Established,IMPLEMENTED
LSET,STATEMENT,PB/Win + PB/CC,Established,IMPLEMENTED
LTRIM,FUNCTION,codegen builtin,,IMPLEMENTED
MACRO/END MACRO,BLOCK,PB/Win + PB/CC,Established,IMPLEMENTED
MAK,FUNCTION,codegen builtin,,IMPLEMENTED
MAT,STATEMENT,PB/Win + PB/CC,Established,IMPLEMENTED
MAX,FUNCTION,codegen builtin,,IMPLEMENTED
MEMORY,STATEMENT,PB/Win + PB/CC,Established,IMPLEMENTED
MEMORY_FILL,FUNCTION,codegen builtin,,IMPLEMENTED
MEMORY_FILLS,FUNCTION,codegen builtin,,IMPLEMENTED
MENU ADD POPUP,STATEMENT,PB/Win only,Established,IMPLEMENTED
MENU ADD STRING,STATEMENT,PB/Win only,Established,IMPLEMENTED
MENU ATTACH,STATEMENT,PB/Win only,Established,TIER3_DDT
MENU CONTEXT,STATEMENT,PB/Win only,Established,TIER3_DDT
MENU DELETE,STATEMENT,PB/Win only,Established,IMPLEMENTED
MENU DRAW BAR,STATEMENT,PB/Win only,Established,TIER3_DDT
MENU GET STATE,STATEMENT,PB/Win only,Established,IMPLEMENTED
MENU GET TEXT,STATEMENT,PB/Win only,Established,IMPLEMENTED
MENU NEW BAR,STATEMENT,PB/Win only,Established,IMPLEMENTED
MENU NEW POPUP,STATEMENT,PB/Win only,Established,IMPLEMENTED
MENU SET STATE,STATEMENT,PB/Win only,Established,IMPLEMENTED
MENU SET TEXT,STATEMENT,PB/Win only,Established,IMPLEMENTED
MENU_ADD_POPUP,FUNCTION,codegen builtin,,IMPLEMENTED
MENU_ADD_STRING,FUNCTION,codegen builtin,,IMPLEMENTED
MENU_DELETE,FUNCTION,codegen builtin,,IMPLEMENTED
MENU_GET_STATE,FUNCTION,codegen builtin,,IMPLEMENTED
MENU_GET_TEXT,FUNCTION,codegen builtin,,IMPLEMENTED
MENU_NEW_POPUP,FUNCTION,codegen builtin,,IMPLEMENTED
MENU_SET_STATE,FUNCTION,codegen builtin,,IMPLEMENTED
MENU_SET_TEXT,FUNCTION,codegen builtin,,IMPLEMENTED
METHOD / END METHOD,STATEMENT,PB/Win + PB/CC,Established,IMPLEMENTED
MID,FUNCTION,codegen builtin,,IMPLEMENTED
MID$,STATEMENT,PB/Win + PB/CC,Established,IMPLEMENTED
MIN,FUNCTION,codegen builtin,,IMPLEMENTED
MKBYT,FUNCTION,codegen builtin,,IMPLEMENTED
MKBYT$,STATEMENT,PB/Win + PB/CC,Established,IMPLEMENTED
MKCUR$,STATEMENT,PB/Win + PB/CC,Established,IMPLEMENTED
MKCUX,FUNCTION,codegen builtin,,IMPLEMENTED
MKCUX$,STATEMENT,PB/Win + PB/CC,Established,IMPLEMENTED
MKD$,STATEMENT,PB/Win + PB/CC,Established,IMPLEMENTED
MKDIR,STATEMENT,PB/Win + PB/CC,Established,IMPLEMENTED
MKDWD,FUNCTION,codegen builtin,,IMPLEMENTED
MKDWD$,STATEMENT,PB/Win + PB/CC,Established,IMPLEMENTED
MKE,FUNCTION,codegen builtin,,IMPLEMENTED
MKE$,STATEMENT,PB/Win + PB/CC,Established,IMPLEMENTED
MKI$,STATEMENT,PB/Win + PB/CC,Established,IMPLEMENTED
MKL$,STATEMENT,PB/Win + PB/CC,Established,IMPLEMENTED
MKQ$,STATEMENT,PB/Win + PB/CC,Established,IMPLEMENTED
MKS,FUNCTION,codegen builtin,,IMPLEMENTED
MKS$,STATEMENT,PB/Win + PB/CC,Established,IMPLEMENTED
MKWRD,FUNCTION,codegen builtin,,IMPLEMENTED
MKWRD$,STATEMENT,PB/Win + PB/CC,Established,IMPLEMENTED
MOD,FUNCTION,codegen builtin,,IMPLEMENTED
MONTHNAME,FUNCTION,codegen builtin,,IMPLEMENTED
MOUSEPTR,STATEMENT,PB/CC only,Established,IMPLEMENTED
MSGBOX,STATEMENT,PB/Win only,Established,IMPLEMENTED
NAME,STATEMENT,PB/Win + PB/CC,Established,IMPLEMENTED
OBJECT,STATEMENT,PB/Win + PB/CC,Established,IMPLEMENTED
OCT,FUNCTION,codegen builtin,,IMPLEMENTED
OEMTOCHR,FUNCTION,codegen builtin,,IMPLEMENTED
ON CALL,STATEMENT,PB/Win + PB/CC,Proposed New,IMPLEMENTED
ON ERROR,STATEMENT,PB/Win + PB/CC,Established,IMPLEMENTED
ON GOSUB,STATEMENT,PB/Win + PB/CC,Proposed Improvement,IMPLEMENTED
ON GOTO,STATEMENT,PB/Win + PB/CC,Proposed Improvement,IMPLEMENTED
OPEN,STATEMENT,PB/Win + PB/CC,Proposed Improvement,IMPLEMENTED
OPTION EXPLICIT,STATEMENT,PB/Win + PB/CC,Established,IMPLEMENTED
PARSE,STATEMENT,PB/Win + PB/CC,Established,IMPLEMENTED
PARSECOUNT,FUNCTION,codegen builtin,,IMPLEMENTED
PATHNAME,FUNCTION,codegen builtin,,IMPLEMENTED
PATHSCAN,FUNCTION,codegen builtin,,IMPLEMENTED
PEEK,FUNCTION,codegen builtin,,IMPLEMENTED
PLAY SOUND,STATEMENT,PB/Win + PB/CC,Proposed New,IMPLEMENTED
PLAY WAVE,STATEMENT,PB/Win + PB/CC,Established,IMPLEMENTED
POKE,FUNCTION,codegen builtin,,IMPLEMENTED
PREFIX,BLOCK,PB/Win + PB/CC,Established,IMPLEMENTED
PRINT#,STATEMENT,PB/Win + PB/CC,Established,IMPLEMENTED
PRINTERCOUNT,FUNCTION,codegen builtin,,IMPLEMENTED
PROCESS GET PRIORITY,STATEMENT,PB/Win + PB/CC,Established,IMPLEMENTED
PROCESS SET PRIORITY,STATEMENT,PB/Win + PB/CC,Established,IMPLEMENTED
PROFILE,STATEMENT,PB/Win + PB/CC,Established,IMPLEMENTED
PROGRESSBAR,STATEMENT,PB/Win only,Established,IMPLEMENTED
PUT,STATEMENT,PB/Win + PB/CC,Proposed Improvement,IMPLEMENTED
PUT$,STATEMENT,PB/Win + PB/CC,Proposed Improvement,IMPLEMENTED
PUT$$,STATEMENT,PB/Win + PB/CC,Proposed Improvement,IMPLEMENTED
PUT_STR,FUNCTION,codegen builtin,,IMPLEMENTED
PUT_WSTR,FUNCTION,codegen builtin,,IMPLEMENTED
QUAD,FUNCTION,codegen builtin,,IMPLEMENTED
RAISEEVENT,STATEMENT,PB/Win + PB/CC,Established,IMPLEMENTED
RANDOMIZE,STATEMENT,PB/Win + PB/CC,Established,IMPLEMENTED
READ,FUNCTION,codegen builtin,,IMPLEMENTED
REDIM,STATEMENT,PB/Win + PB/CC,Proposed Improvement,IMPLEMENTED
REGEXPR,STATEMENT,PB/Win + PB/CC,Established,IMPLEMENTED
REGISTER,STATEMENT,PB/Win + PB/CC,Established,IMPLEMENTED
REGREPL,STATEMENT,PB/Win + PB/CC,Established,IMPLEMENTED
REM,STATEMENT,PB/Win + PB/CC,Established,IMPLEMENTED
REMAIN,FUNCTION,codegen builtin,,IMPLEMENTED
REMOVE,FUNCTION,codegen builtin,,IMPLEMENTED
REPEAT,FUNCTION,codegen builtin,,IMPLEMENTED
REPLACE,STATEMENT,PB/Win + PB/CC,Established,IMPLEMENTED
RESET,STATEMENT,PB/Win + PB/CC,Established,IMPLEMENTED
RESOURCE SAVE FILE,STATEMENT,PB/Win + PB/CC,Proposed New,IMPLEMENTED
RESOURCE_SAVE_FILE,FUNCTION,codegen builtin,,IMPLEMENTED
RESUME,STATEMENT,PB/Win + PB/CC,Established,IMPLEMENTED
RETAIN,FUNCTION,codegen builtin,,IMPLEMENTED
RETURN,STATEMENT,PB/Win + PB/CC,Established,IMPLEMENTED
RIGHT,FUNCTION,codegen builtin,,IMPLEMENTED
RMDIR,STATEMENT,PB/Win + PB/CC,Established,IMPLEMENTED
RND,FUNCTION,codegen builtin,,IMPLEMENTED
ROTATE,STATEMENT,PB/Win + PB/CC,Established,IMPLEMENTED
ROUND,FUNCTION,LLVM intrinsic,,IMPLEMENTED
RSET,STATEMENT,PB/Win + PB/CC,Established,IMPLEMENTED
RTRIM,FUNCTION,codegen builtin,,IMPLEMENTED
SCROLLBAR,STATEMENT,PB/Win only,Established,TIER3_DDT
SEC,FUNCTION,C runtime (MSVCRT),,IMPLEMENTED
SECH,FUNCTION,C runtime (MSVCRT),,IMPLEMENTED
SEEK,STATEMENT,PB/Win + PB/CC,Proposed Improvement,IMPLEMENTED
SELECT CASE/END SELECT,BLOCK,PB/Win + PB/CC,Established,IMPLEMENTED
SETATTR,STATEMENT,PB/Win + PB/CC,Established,IMPLEMENTED
SETEOF,STATEMENT,PB/Win + PB/CC,Proposed Improvement,IMPLEMENTED
SGN,FUNCTION,codegen builtin,,IMPLEMENTED
SHELL,STATEMENT,PB/Win + PB/CC,Established,IMPLEMENTED
SHIFT,STATEMENT,PB/Win + PB/CC,Established,IMPLEMENTED
SHRINK,FUNCTION,codegen builtin,,IMPLEMENTED
SIN,FUNCTION,LLVM intrinsic,,IMPLEMENTED
SINGLE,FUNCTION,codegen builtin,,IMPLEMENTED
SINH,FUNCTION,LLVM intrinsic,,IMPLEMENTED
SIZEOF,FUNCTION,codegen builtin,,IMPLEMENTED
SLEEP,STATEMENT,PB/Win + PB/CC,Established,IMPLEMENTED
SPACE,FUNCTION,codegen builtin,,IMPLEMENTED
SPLIT,STATEMENT,PB/Win + PB/CC,Established,IMPLEMENTED
SQR,FUNCTION,LLVM intrinsic,,IMPLEMENTED
STATIC,STATEMENT,PB/Win + PB/CC,Established,IMPLEMENTED
STATUSBAR,STATEMENT,PB/Win + PB/CC,Established,TIER3_DDT
STR,FUNCTION,codegen builtin,,IMPLEMENTED
STRDELETE,FUNCTION,codegen builtin,,IMPLEMENTED
STRING,FUNCTION,codegen builtin,,IMPLEMENTED
STRINSERT,FUNCTION,codegen builtin,,IMPLEMENTED
STRPTR,FUNCTION,codegen builtin,,IMPLEMENTED
STRREVERSE,FUNCTION,codegen builtin,,IMPLEMENTED
SWAP,STATEMENT,PB/Win + PB/CC,Established,IMPLEMENTED
SWITCH$,FUNCTION,codegen builtin,,IMPLEMENTED
TAB,STATEMENT,PB/Win only,Established,TIER3_DDT
TALLY,FUNCTION,codegen builtin,,IMPLEMENTED
TAN,FUNCTION,LLVM intrinsic,,IMPLEMENTED
TANH,FUNCTION,LLVM intrinsic,,IMPLEMENTED
TCP ACCEPT,STATEMENT,PB/Win + PB/CC,Established,IMPLEMENTED
TCP CLOSE,STATEMENT,PB/Win + PB/CC,Established,IMPLEMENTED
TCP LINE INPUT,STATEMENT,PB/Win + PB/CC,Established,IMPLEMENTED
TCP NOTIFY,STATEMENT,PB/Win + PB/CC,Established,IMPLEMENTED
TCP OPEN,STATEMENT,PB/Win + PB/CC,Established,IMPLEMENTED
TCP PRINT,STATEMENT,PB/Win + PB/CC,Established,IMPLEMENTED
TCP RECV,STATEMENT,PB/Win + PB/CC,Established,IMPLEMENTED
TCP SEND,STATEMENT,PB/Win + PB/CC,Established,IMPLEMENTED
TCP_NOTIFY,FUNCTION,codegen builtin,,IMPLEMENTED
THREAD CLOSE,STATEMENT,PB/Win + PB/CC,Established,IMPLEMENTED
THREAD CREATE,STATEMENT,PB/Win + PB/CC,Established,IMPLEMENTED
THREAD GET PRIORITY,STATEMENT,PB/Win + PB/CC,Established,IMPLEMENTED
THREAD RESUME,STATEMENT,PB/Win + PB/CC,Established,IMPLEMENTED
THREAD SET PRIORITY,STATEMENT,PB/Win + PB/CC,Established,IMPLEMENTED
THREAD STATUS,STATEMENT,PB/Win + PB/CC,Established,IMPLEMENTED
THREAD SUSPEND,STATEMENT,PB/Win + PB/CC,Established,IMPLEMENTED
THREADCOUNT,FUNCTION,codegen builtin,,IMPLEMENTED
THREADED,STATEMENT,PB/Win + PB/CC,Established,IMPLEMENTED
TIMER,FUNCTION,codegen builtin,,IMPLEMENTED
TIX,STATEMENT,PB/Win + PB/CC,Established,IMPLEMENTED
TOOLBAR,STATEMENT,PB/Win only,Established,TIER3_DDT
TRACE,STATEMENT,PB/Win + PB/CC,Established,IMPLEMENTED
TREEVIEW,STATEMENT,PB/Win only,Established,TIER3_DDT
TRIM,FUNCTION,codegen builtin,,IMPLEMENTED
TRUNC,FUNCTION,LLVM intrinsic,,IMPLEMENTED
TRY/END TRY,BLOCK,PB/Win + PB/CC,Established,IMPLEMENTED
TYPE SET,STATEMENT,PB/Win + PB/CC,Established,IMPLEMENTED
TYPE/END TYPE,BLOCK,PB/Win + PB/CC,Established,IMPLEMENTED
UCASE,FUNCTION,codegen builtin,,IMPLEMENTED
UCODEPAGE,STATEMENT,PB/Win + PB/CC,Established,IMPLEMENTED
UDP CLOSE,STATEMENT,PB/Win + PB/CC,Established,IMPLEMENTED
UDP NOTIFY,STATEMENT,PB/Win + PB/CC,Established,IMPLEMENTED
UDP OPEN,STATEMENT,PB/Win + PB/CC,Established,IMPLEMENTED
UDP RECV,STATEMENT,PB/Win + PB/CC,Established,IMPLEMENTED
UDP SEND,STATEMENT,PB/Win + PB/CC,Established,IMPLEMENTED
UDP_NOTIFY,FUNCTION,codegen builtin,,IMPLEMENTED
UNLOCK,STATEMENT,PB/Win + PB/CC,Established,IMPLEMENTED
UNWRAP,FUNCTION,codegen builtin,,IMPLEMENTED
USING,FUNCTION,codegen builtin,,IMPLEMENTED
UTF8TOCHR,FUNCTION,codegen builtin,,IMPLEMENTED
VAL,STATEMENT,PB/Win + PB/CC,Established,IMPLEMENTED
VARPTR,FUNCTION,codegen builtin,,IMPLEMENTED
VERIFY,FUNCTION,codegen builtin,,IMPLEMENTED
WAITKEY,FUNCTION,codegen builtin,,IMPLEMENTED
WINDOW GET,STATEMENT,PB/Win only,Established,IMPLEMENTED
WINDOW SET,STATEMENT,PB/Win only,Established,IMPLEMENTED
WORD,FUNCTION,codegen builtin,,IMPLEMENTED
WRAP,FUNCTION,codegen builtin,,IMPLEMENTED
WRITE,FUNCTION,codegen builtin,,IMPLEMENTED
WRITE#,STATEMENT,PB/Win + PB/CC,Proposed Improvement,IMPLEMENTED
XPRINT ARC,STATEMENT,PB/Win + PB/CC,Established,IMPLEMENTED
XPRINT ATTACH,STATEMENT,PB/Win + PB/CC,Established,IMPLEMENTED
XPRINT BOX,STATEMENT,PB/Win + PB/CC,Established,IMPLEMENTED
XPRINT CANCEL,STATEMENT,PB/Win + PB/CC,Established,IMPLEMENTED
XPRINT CELL,STATEMENT,PB/Win + PB/CC,Established,IMPLEMENTED
XPRINT CELL SIZE,STATEMENT,PB/Win + PB/CC,Established,IMPLEMENTED
XPRINT CHR SIZE,STATEMENT,PB/Win + PB/CC,Established,IMPLEMENTED
XPRINT CLOSE,STATEMENT,PB/Win + PB/CC,Established,IMPLEMENTED
XPRINT COLOR,STATEMENT,PB/Win + PB/CC,Established,IMPLEMENTED
XPRINT COPY,STATEMENT,PB/Win + PB/CC,Established,IMPLEMENTED
XPRINT ELLIPSE,STATEMENT,PB/Win + PB/CC,Established,IMPLEMENTED
XPRINT FORMFEED,STATEMENT,PB/Win + PB/CC,Established,IMPLEMENTED
XPRINT GET ATTACH,STATEMENT,PB/Win + PB/CC,Established,IMPLEMENTED
XPRINT GET CANVAS,STATEMENT,PB/Win + PB/CC,Established,IMPLEMENTED
XPRINT GET CLIENT,STATEMENT,PB/Win + PB/CC,Established,IMPLEMENTED
XPRINT GET CLIP,STATEMENT,PB/Win + PB/CC,Established,IMPLEMENTED
XPRINT GET COLLATE,STATEMENT,PB/Win + PB/CC,Established,IMPLEMENTED
XPRINT GET COLORMODE,STATEMENT,PB/Win + PB/CC,Established,IMPLEMENTED
XPRINT GET COPIES,STATEMENT,PB/Win + PB/CC,Established,IMPLEMENTED
XPRINT GET DC,STATEMENT,PB/Win + PB/CC,Established,IMPLEMENTED
XPRINT GET DUPLEX,STATEMENT,PB/Win + PB/CC,Established,IMPLEMENTED
XPRINT GET LINES,STATEMENT,PB/Win + PB/CC,Established,IMPLEMENTED
XPRINT GET MARGIN,STATEMENT,PB/Win + PB/CC,Established,IMPLEMENTED
XPRINT GET MIX,STATEMENT,PB/Win + PB/CC,Established,IMPLEMENTED
XPRINT GET ORIENTATION,STATEMENT,PB/Win + PB/CC,Established,IMPLEMENTED
XPRINT GET OVERLAP,STATEMENT,PB/Win + PB/CC,Established,IMPLEMENTED
XPRINT GET PAGES,STATEMENT,PB/Win + PB/CC,Established,IMPLEMENTED
XPRINT GET PAPER,STATEMENT,PB/Win + PB/CC,Established,IMPLEMENTED
XPRINT GET PAPERS,STATEMENT,PB/Win + PB/CC,Established,IMPLEMENTED
XPRINT GET PIXEL,STATEMENT,PB/Win + PB/CC,Established,IMPLEMENTED
XPRINT GET POS,STATEMENT,PB/Win + PB/CC,Established,IMPLEMENTED
XPRINT GET PPI,STATEMENT,PB/Win + PB/CC,Established,IMPLEMENTED
XPRINT GET QUALITY,STATEMENT,PB/Win + PB/CC,Established,IMPLEMENTED
XPRINT GET SCALE,STATEMENT,PB/Win + PB/CC,Established,IMPLEMENTED
XPRINT GET SELECTION,STATEMENT,PB/Win + PB/CC,Established,IMPLEMENTED
XPRINT GET SIZE,STATEMENT,PB/Win + PB/CC,Established,IMPLEMENTED
XPRINT GET STRETCHMODE,STATEMENT,PB/Win + PB/CC,Established,IMPLEMENTED
XPRINT GET TEXTALIGN,STATEMENT,PB/Win + PB/CC,Proposed New,IMPLEMENTED
XPRINT GET TRAY,STATEMENT,PB/Win + PB/CC,Established,IMPLEMENTED
XPRINT GET TRAYS,STATEMENT,PB/Win + PB/CC,Established,IMPLEMENTED
XPRINT GET WORDWRAP,STATEMENT,PB/Win + PB/CC,Established,IMPLEMENTED
XPRINT GET WRAP,STATEMENT,PB/Win + PB/CC,Established,IMPLEMENTED
XPRINT IMAGELIST,STATEMENT,PB/Win + PB/CC,Established,IMPLEMENTED
XPRINT LINE,STATEMENT,PB/Win + PB/CC,Established,IMPLEMENTED
XPRINT PIE,STATEMENT,PB/Win + PB/CC,Established,IMPLEMENTED
XPRINT POLYGON,STATEMENT,PB/Win + PB/CC,Established,IMPLEMENTED
XPRINT POLYLINE,STATEMENT,PB/Win + PB/CC,Established,IMPLEMENTED
XPRINT PREVIEW,STATEMENT,PB/Win + PB/CC,Established,IMPLEMENTED
XPRINT PRINT,STATEMENT,PB/Win + PB/CC,Established,IMPLEMENTED
XPRINT RENDER,STATEMENT,PB/Win + PB/CC,Established,IMPLEMENTED
XPRINT SCALE,STATEMENT,PB/Win + PB/CC,Established,IMPLEMENTED
XPRINT SET CLIP,STATEMENT,PB/Win + PB/CC,Established,IMPLEMENTED
XPRINT SET COLLATE,STATEMENT,PB/Win + PB/CC,Established,IMPLEMENTED
XPRINT SET COLORMODE,STATEMENT,PB/Win + PB/CC,Established,IMPLEMENTED
XPRINT SET COPIES,STATEMENT,PB/Win + PB/CC,Established,IMPLEMENTED
XPRINT SET DUPLEX,STATEMENT,PB/Win + PB/CC,Established,IMPLEMENTED
XPRINT SET FONT,STATEMENT,PB/Win + PB/CC,Established,IMPLEMENTED
XPRINT SET MIX,STATEMENT,PB/Win + PB/CC,Established,IMPLEMENTED
XPRINT SET ORIENTATION,STATEMENT,PB/Win + PB/CC,Established,IMPLEMENTED
XPRINT SET OVERLAP,STATEMENT,PB/Win + PB/CC,Established,IMPLEMENTED
XPRINT SET PAGES,STATEMENT,PB/Win + PB/CC,Established,IMPLEMENTED
XPRINT SET PAPER,STATEMENT,PB/Win + PB/CC,Established,IMPLEMENTED
XPRINT SET PIXEL,STATEMENT,PB/Win + PB/CC,Established,IMPLEMENTED
XPRINT SET POS,STATEMENT,PB/Win + PB/CC,Established,IMPLEMENTED
XPRINT SET QUALITY,STATEMENT,PB/Win + PB/CC,Established,IMPLEMENTED
XPRINT SET STRETCHMODE,STATEMENT,PB/Win + PB/CC,Established,IMPLEMENTED
XPRINT SET TEXTALIGN,STATEMENT,PB/Win + PB/CC,Proposed New,IMPLEMENTED
XPRINT SET TRAY,STATEMENT,PB/Win + PB/CC,Established,IMPLEMENTED
XPRINT SET WORDWRAP,STATEMENT,PB/Win + PB/CC,Established,IMPLEMENTED
XPRINT SET WRAP,STATEMENT,PB/Win + PB/CC,Established,IMPLEMENTED
XPRINT SPLIT,STATEMENT,PB/Win + PB/CC,Established,IMPLEMENTED
XPRINT STRETCH,STATEMENT,PB/Win + PB/CC,Established,IMPLEMENTED
XPRINT STYLE,STATEMENT,PB/Win + PB/CC,Established,IMPLEMENTED
XPRINT TEXT SIZE,STATEMENT,PB/Win + PB/CC,Established,IMPLEMENTED
XPRINT WIDTH,STATEMENT,PB/Win + PB/CC,Established,IMPLEMENTED
XPRINT_ARC,FUNCTION,codegen builtin,,IMPLEMENTED
XPRINT_ATTACH,FUNCTION,codegen builtin,,IMPLEMENTED
XPRINT_BOX,FUNCTION,codegen builtin,,IMPLEMENTED
XPRINT_CANCEL,FUNCTION,codegen builtin,,IMPLEMENTED
XPRINT_CELL,FUNCTION,codegen builtin,,IMPLEMENTED
XPRINT_CELL_SIZE,FUNCTION,codegen builtin,,IMPLEMENTED
XPRINT_CHR_SIZE,FUNCTION,codegen builtin,,IMPLEMENTED
XPRINT_CLOSE,FUNCTION,codegen builtin,,IMPLEMENTED
XPRINT_COPY,FUNCTION,codegen builtin,,IMPLEMENTED
XPRINT_ELLIPSE,FUNCTION,codegen builtin,,IMPLEMENTED
XPRINT_FORMFEED,FUNCTION,codegen builtin,,IMPLEMENTED
XPRINT_GET_ATTACH,FUNCTION,codegen builtin,,IMPLEMENTED
XPRINT_GET_CANVAS,FUNCTION,codegen builtin,,IMPLEMENTED
XPRINT_GET_CLIENT,FUNCTION,codegen builtin,,IMPLEMENTED
XPRINT_GET_CLIP,FUNCTION,codegen builtin,,IMPLEMENTED
XPRINT_GET_COLLATE,FUNCTION,codegen builtin,,IMPLEMENTED
XPRINT_GET_COLOR,FUNCTION,codegen builtin,,IMPLEMENTED
XPRINT_GET_COLORMODE,FUNCTION,codegen builtin,,IMPLEMENTED
XPRINT_GET_COPIES,FUNCTION,codegen builtin,,IMPLEMENTED
XPRINT_GET_DC,FUNCTION,codegen builtin,,IMPLEMENTED
XPRINT_GET_DUPLEX,FUNCTION,codegen builtin,,IMPLEMENTED
XPRINT_GET_LINES,FUNCTION,codegen builtin,,IMPLEMENTED
XPRINT_GET_MARGIN,FUNCTION,codegen builtin,,IMPLEMENTED
XPRINT_GET_MIX,FUNCTION,codegen builtin,,IMPLEMENTED
XPRINT_GET_ORIENTATION,FUNCTION,codegen builtin,,IMPLEMENTED
XPRINT_GET_OVERLAP,FUNCTION,codegen builtin,,IMPLEMENTED
XPRINT_GET_PAGES,FUNCTION,codegen builtin,,IMPLEMENTED
XPRINT_GET_PAPER,FUNCTION,codegen builtin,,IMPLEMENTED
XPRINT_GET_PAPERS,FUNCTION,codegen builtin,,IMPLEMENTED
XPRINT_GET_PIXEL,FUNCTION,codegen builtin,,IMPLEMENTED
XPRINT_GET_POS,FUNCTION,codegen builtin,,IMPLEMENTED
XPRINT_GET_PPI,FUNCTION,codegen builtin,,IMPLEMENTED
XPRINT_GET_QUALITY,FUNCTION,codegen builtin,,IMPLEMENTED
XPRINT_GET_SCALE,FUNCTION,codegen builtin,,IMPLEMENTED
XPRINT_GET_SELECTION,FUNCTION,codegen builtin,,IMPLEMENTED
XPRINT_GET_SIZE,FUNCTION,codegen builtin,,IMPLEMENTED
XPRINT_GET_STRETCHMODE,FUNCTION,codegen builtin,,IMPLEMENTED
XPRINT_GET_TEXTALIGN,FUNCTION,codegen builtin,,IMPLEMENTED
XPRINT_GET_TRAY,FUNCTION,codegen builtin,,IMPLEMENTED
XPRINT_GET_TRAYS,FUNCTION,codegen builtin,,IMPLEMENTED
XPRINT_GET_WORDWRAP,FUNCTION,codegen builtin,,IMPLEMENTED
XPRINT_GET_WRAP,FUNCTION,codegen builtin,,IMPLEMENTED
XPRINT_IMAGELIST,FUNCTION,codegen builtin,,IMPLEMENTED
XPRINT_LINE,FUNCTION,codegen builtin,,IMPLEMENTED
XPRINT_PIE,FUNCTION,codegen builtin,,IMPLEMENTED
XPRINT_POLYGON,FUNCTION,codegen builtin,,IMPLEMENTED
XPRINT_POLYLINE,FUNCTION,codegen builtin,,IMPLEMENTED
XPRINT_PREVIEW,FUNCTION,codegen builtin,,IMPLEMENTED
XPRINT_PRINT,FUNCTION,codegen builtin,,IMPLEMENTED
XPRINT_RENDER,FUNCTION,codegen builtin,,IMPLEMENTED
XPRINT_SCALE,FUNCTION,codegen builtin,,IMPLEMENTED
XPRINT_SET_CLIP,FUNCTION,codegen builtin,,IMPLEMENTED
XPRINT_SET_COLLATE,FUNCTION,codegen builtin,,IMPLEMENTED
XPRINT_SET_COLOR,FUNCTION,codegen builtin,,IMPLEMENTED
XPRINT_SET_COLORMODE,FUNCTION,codegen builtin,,IMPLEMENTED
XPRINT_SET_COPIES,FUNCTION,codegen builtin,,IMPLEMENTED
XPRINT_SET_DUPLEX,FUNCTION,codegen builtin,,IMPLEMENTED
XPRINT_SET_FONT,FUNCTION,codegen builtin,,IMPLEMENTED
XPRINT_SET_MIX,FUNCTION,codegen builtin,,IMPLEMENTED
XPRINT_SET_ORIENTATION,FUNCTION,codegen builtin,,IMPLEMENTED
XPRINT_SET_OVERLAP,FUNCTION,codegen builtin,,IMPLEMENTED
XPRINT_SET_PAGES,FUNCTION,codegen builtin,,IMPLEMENTED
XPRINT_SET_PAPER,FUNCTION,codegen builtin,,IMPLEMENTED
XPRINT_SET_PIXEL,FUNCTION,codegen builtin,,IMPLEMENTED
XPRINT_SET_POS,FUNCTION,codegen builtin,,IMPLEMENTED
XPRINT_SET_QUALITY,FUNCTION,codegen builtin,,IMPLEMENTED
XPRINT_SET_STRETCHMODE,FUNCTION,codegen builtin,,IMPLEMENTED
XPRINT_SET_TEXTALIGN,FUNCTION,codegen builtin,,IMPLEMENTED
XPRINT_SET_TRAY,FUNCTION,codegen builtin,,IMPLEMENTED
XPRINT_SET_WORDWRAP,FUNCTION,codegen builtin,,IMPLEMENTED
XPRINT_SET_WRAP,FUNCTION,codegen builtin,,IMPLEMENTED
XPRINT_SPLIT,FUNCTION,codegen builtin,,IMPLEMENTED
XPRINT_STRETCH,FUNCTION,codegen builtin,,IMPLEMENTED
XPRINT_STYLE,FUNCTION,codegen builtin,,IMPLEMENTED
XPRINT_TEXT_SIZE,FUNCTION,codegen builtin,,IMPLEMENTED
XPRINT_WIDTH,FUNCTION,codegen builtin,,IMPLEMENTED
